final_wram,beta_wram,delta,evidence_count,best_context,final_RA,beta_RA
0x00EA6,0x00EA8,2,3,8,0xF50EA6,0xF50EA8
0x00EA7,0x00EA9,2,3,9,0xF50EA7,0xF50EA9
0x00EA8,0x00EAA,2,3,9,0xF50EA8,0xF50EAA
0x010A6,0x010A8,2,14,9,0xF510A6,0xF510A8
0x010C6,0x010C8,2,10,8,0xF510C6,0xF510C8
0x01120,0x01122,2,10,9,0xF51120,0xF51122
0x0117A,0x0117C,2,2,9,0xF5117A,0xF5117C
0x0117C,0x0117E,2,2,9,0xF5117C,0xF5117E
0x0117E,0x01180,2,6,9,0xF5117E,0xF51180
0x01180,0x01182,2,6,9,0xF51180,0xF51182
0x01182,0x01184,2,9,9,0xF51182,0xF51184
0x01184,0x01186,2,5,9,0xF51184,0xF51186
0x01186,0x01188,2,5,9,0xF51186,0xF51188
0x01188,0x0118A,2,4,8,0xF51188,0xF5118A
0x0118A,0x0118C,2,1,8,0xF5118A,0xF5118C
0x0118C,0x0118E,2,1,9,0xF5118C,0xF5118E
0x01242,0x01244,2,2,8,0xF51242,0xF51244
0x0145E,0x01460,2,1,9,0xF5145E,0xF51460
0x014B8,0x014BA,2,1,9,0xF514B8,0xF514BA
0x014D0,0x014D2,2,2,9,0xF514D0,0xF514D2
0x014D4,0x014D6,2,1,8,0xF514D4,0xF514D6
0x014D6,0x014D8,2,1,8,0xF514D6,0xF514D8
0x014DE,0x014E0,2,9,9,0xF514DE,0xF514E0
0x014E0,0x014E2,2,1,9,0xF514E0,0xF514E2
0x014E4,0x014E6,2,1,6,0xF514E4,0xF514E6
0x014EA,0x014EC,2,1,8,0xF514EA,0xF514EC
0x014EC,0x014EE,2,1,7,0xF514EC,0xF514EE
0x0153C,0x0153E,2,1,7,0xF5153C,0xF5153E
0x01540,0x01542,2,8,8,0xF51540,0xF51542
0x01542,0x01544,2,8,9,0xF51542,0xF51544
0x01550,0x01552,2,2,8,0xF51550,0xF51552
0x01552,0x01554,2,1,9,0xF51552,0xF51554
0x01556,0x01558,2,3,7,0xF51556,0xF51558
0x01558,0x0155A,2,2,6,0xF51558,0xF5155A
0x0155A,0x0155C,2,1,6,0xF5155A,0xF5155C
0x0155C,0x0155E,2,1,7,0xF5155C,0xF5155E
0x0155E,0x01560,2,2,7,0xF5155E,0xF51560
0x01560,0x01562,2,1,7,0xF51560,0xF51562
0x01562,0x01564,2,3,9,0xF51562,0xF51564
0x01564,0x01566,2,23,9,0xF51564,0xF51566
0x01574,0x01576,2,3,8,0xF51574,0xF51576
0x01576,0x01578,2,2,9,0xF51576,0xF51578
0x01578,0x0157A,2,4,9,0xF51578,0xF5157A
0x0157A,0x0157C,2,3,8,0xF5157A,0xF5157C
0x0157C,0x0157E,2,4,9,0xF5157C,0xF5157E
0x0158C,0x0158E,2,8,8,0xF5158C,0xF5158E
0x0158E,0x01590,2,2,9,0xF5158E,0xF51590
0x01590,0x01592,2,6,8,0xF51590,0xF51592
0x01592,0x01594,2,2,7,0xF51592,0xF51594
0x01593,0x01595,2,1,7,0xF51593,0xF51595
0x015BC,0x015BE,2,2,9,0xF515BC,0xF515BE
0x015C3,0x015C5,2,16,9,0xF515C3,0xF515C5
0x0161D,0x0161F,2,16,9,0xF5161D,0xF5161F
0x01677,0x01679,2,24,9,0xF51677,0xF51679
0x016D1,0x016D3,2,22,9,0xF516D1,0xF516D3
0x017DF,0x017E1,2,12,9,0xF517DF,0xF517E1
0x01837,0x01839,2,1,8,0xF51837,0xF51839
0x01839,0x0183B,2,5,8,0xF51839,0xF5183B
0x01893,0x01895,2,5,8,0xF51893,0xF51895
0x01895,0x01897,2,7,9,0xF51895,0xF51897
0x01897,0x01899,2,3,8,0xF51897,0xF51899
0x01899,0x0189B,2,2,8,0xF51899,0xF5189B
0x018F3,0x018F5,2,2,8,0xF518F3,0xF518F5
0x018F5,0x018F7,2,2,8,0xF518F5,0xF518F7
0x018F7,0x018F9,2,3,9,0xF518F7,0xF518F9
0x01951,0x01953,2,3,9,0xF51951,0xF51953
0x019AB,0x019AD,2,4,9,0xF519AB,0xF519AD
0x01A05,0x01A07,2,4,8,0xF51A05,0xF51A07
0x01A5F,0x01A61,2,4,8,0xF51A5F,0xF51A61
0x01AB9,0x01ABB,2,7,8,0xF51AB9,0xF51ABB
0x01B13,0x01B15,2,8,9,0xF51B13,0xF51B15
0x01E17,0x01E19,2,1,8,0xF51E17,0xF51E19
0x01E19,0x01E1B,2,1,9,0xF51E19,0xF51E1B
0x01E1B,0x01E1D,2,2,8,0xF51E1B,0xF51E1D
0x01E1D,0x01E1F,2,1,9,0xF51E1D,0xF51E1F
0x01E1F,0x01E21,2,1,9,0xF51E1F,0xF51E21
0x01E2F,0x01E31,2,2,9,0xF51E2F,0xF51E31
0x01E3F,0x01E41,2,1,7,0xF51E3F,0xF51E41
0x01E41,0x01E43,2,1,6,0xF51E41,0xF51E43
0x01E43,0x01E45,2,1,7,0xF51E43,0xF51E45
0x01E45,0x01E47,2,1,7,0xF51E45,0xF51E47
0x01E47,0x01E49,2,1,7,0xF51E47,0xF51E49
0x01E49,0x01E4B,2,1,7,0xF51E49,0xF51E4B
0x01E67,0x01E69,2,1,7,0xF51E67,0xF51E69
0x01E69,0x01E6B,2,1,8,0xF51E69,0xF51E6B
