final_wram,beta_wram,delta,evidence_count,best_context,classes,mnemonics,final_RA,beta_RA
0x00000,0x00000,0,21,9,direct_long_wram|low_wram_absolute,STA,0xF50000,0xF50000
0x00001,0x00001,0,20,9,low_wram_absolute,STA,0xF50001,0xF50001
0x00002,0x00002,0,20,9,low_wram_absolute,STA,0xF50002,0xF50002
0x00004,0x00004,0,20,9,low_wram_absolute,STA,0xF50004,0xF50004
0x00005,0x00005,0,21,9,low_wram_absolute,LDA|STA,0xF50005,0xF50005
0x00007,0x00007,0,21,9,low_wram_absolute,LDA|STA,0xF50007,0xF50007
0x00009,0x00009,0,23,9,low_wram_absolute,LDA|STA,0xF50009,0xF50009
0x0000A,0x0000A,0,9,9,low_wram_absolute,STA,0xF5000A,0xF5000A
0x0000C,0x0000C,0,3,9,low_wram_absolute,LDA|STA|STZ,0xF5000C,0xF5000C
0x00100,0x00100,0,1,9,low_wram_absolute,LDA,0xF50100,0xF50100
0x00200,0x00200,0,2,9,low_wram_absolute,STA,0xF50200,0xF50200
0x00203,0x00203,0,1,9,low_wram_absolute,STA,0xF50203,0xF50203
0x00206,0x00206,0,2,9,low_wram_absolute,LDA|STA,0xF50206,0xF50206
0x00227,0x00227,0,1,9,low_wram_absolute,STA,0xF50227,0xF50227
0x0022B,0x0022B,0,1,9,low_wram_absolute,STA,0xF5022B,0xF5022B
0x0022D,0x0022D,0,1,9,low_wram_absolute,STA,0xF5022D,0xF5022D
0x0022F,0x0022F,0,1,9,low_wram_absolute,STA,0xF5022F,0xF5022F
0x00231,0x00231,0,1,9,low_wram_absolute,STA,0xF50231,0xF50231
0x00233,0x00233,0,1,9,low_wram_absolute,STA,0xF50233,0xF50233
0x00235,0x00235,0,4,9,low_wram_absolute,LDA|LDX|STA|STZ,0xF50235,0xF50235
0x00237,0x00237,0,3,9,low_wram_absolute,DEC|STA,0xF50237,0xF50237
0x00238,0x00238,0,8,9,low_wram_absolute,CMP|LDA|STA|STZ,0xF50238,0xF50238
0x0023A,0x0023A,0,8,9,low_wram_absolute,CMP|INC|LDA|STZ,0xF5023A,0xF5023A
0x0023C,0x0023C,0,2,9,low_wram_absolute,LDA|STZ,0xF5023C,0xF5023C
0x0023E,0x0023E,0,2,9,low_wram_absolute,LDY|STZ,0xF5023E,0xF5023E
0x00240,0x00240,0,5,9,low_wram_absolute,LDA|LDY|STZ,0xF50240,0xF50240
0x00242,0x00242,0,1,9,low_wram_absolute,LDA,0xF50242,0xF50242
0x00244,0x00244,0,3,9,low_wram_absolute,LDA|STZ,0xF50244,0xF50244
0x00246,0x00246,0,4,9,low_wram_absolute,INC|LDA|STZ,0xF50246,0xF50246
0x00248,0x00248,0,5,9,low_wram_absolute,LDA|STA,0xF50248,0xF50248
0x0024A,0x0024A,0,6,9,low_wram_absolute,LDX|STA,0xF5024A,0xF5024A
0x002A4,0x002A4,0,3,9,low_wram_absolute,LDX|STA,0xF502A4,0xF502A4
0x002FE,0x002FE,0,8,9,low_wram_absolute,LDA|STA,0xF502FE,0xF502FE
0x002FF,0x002FF,0,2,9,low_wram_absolute,LDA|STA,0xF502FF,0xF502FF
0x00358,0x00358,0,3,9,low_wram_absolute,STZ,0xF50358,0xF50358
0x00359,0x00359,0,1,9,low_wram_absolute,STA,0xF50359,0xF50359
0x0035A,0x0035A,0,5,9,low_wram_absolute,BIT|LDA|STZ,0xF5035A,0xF5035A
0x0035B,0x0035B,0,2,9,low_wram_absolute,DEC|STZ,0xF5035B,0xF5035B
0x0035C,0x0035C,0,3,9,low_wram_absolute,STZ,0xF5035C,0xF5035C
0x0035D,0x0035D,0,1,9,low_wram_absolute,STA,0xF5035D,0xF5035D
0x0035E,0x0035E,0,5,9,low_wram_absolute,BIT|LDA|STZ,0xF5035E,0xF5035E
0x0035F,0x0035F,0,2,9,low_wram_absolute,DEC|STZ,0xF5035F,0xF5035F
0x00360,0x00360,0,3,9,low_wram_absolute,STZ,0xF50360,0xF50360
0x00361,0x00361,0,1,9,low_wram_absolute,STA,0xF50361,0xF50361
0x00362,0x00362,0,3,9,low_wram_absolute,STA|STZ,0xF50362,0xF50362
0x00363,0x00363,0,2,9,low_wram_absolute,DEC|STZ,0xF50363,0xF50363
0x00364,0x00364,0,17,9,low_wram_absolute,LDA|STA,0xF50364,0xF50364
0x00366,0x00366,0,7,9,low_wram_absolute,STA|STZ|TSB,0xF50366,0xF50366
0x00368,0x00368,0,3,9,low_wram_absolute,BIT|STA,0xF50368,0xF50368
0x0036A,0x0036A,0,8,9,low_wram_absolute,LDX|STA,0xF5036A,0xF5036A
0x0036C,0x0036C,0,10,9,low_wram_absolute,LDA|STA,0xF5036C,0xF5036C
0x0036E,0x0036E,0,10,9,low_wram_absolute,LDA|STA,0xF5036E,0xF5036E
0x00370,0x00370,0,14,9,low_wram_absolute,ADC|LDA|STA|STZ,0xF50370,0xF50370
0x00371,0x00371,0,2,9,low_wram_absolute,STA,0xF50371,0xF50371
0x00372,0x00372,0,8,9,low_wram_absolute,LDA|STA,0xF50372,0xF50372
0x00392,0x00392,0,3,9,low_wram_absolute,LDX|STA,0xF50392,0xF50392
0x00394,0x00394,0,2,9,low_wram_absolute,LDX|STA,0xF50394,0xF50394
0x00396,0x00396,0,6,9,low_wram_absolute,DEC|INC|LDA|STA,0xF50396,0xF50396
0x00397,0x00397,0,1,9,low_wram_absolute,LDA,0xF50397,0xF50397
0x00398,0x00398,0,1,9,low_wram_absolute,LDA,0xF50398,0xF50398
0x00399,0x00399,0,1,9,low_wram_absolute,LDA,0xF50399,0xF50399
0x0039A,0x0039A,0,4,9,low_wram_absolute,LDA|SBC|STA,0xF5039A,0xF5039A
0x0039B,0x0039B,0,1,9,low_wram_absolute,LDA,0xF5039B,0xF5039B
0x0039C,0x0039C,0,3,9,low_wram_absolute,LDA|STA,0xF5039C,0xF5039C
0x0039D,0x0039D,0,1,9,low_wram_absolute,LDA,0xF5039D,0xF5039D
0x0039E,0x0039E,0,7,9,low_wram_absolute,LDA|STA,0xF5039E,0xF5039E
0x003A2,0x003A2,0,4,9,low_wram_absolute,CMP|LDA|SBC|STA,0xF503A2,0xF503A2
0x003A6,0x003A6,0,4,9,low_wram_absolute,CMP|LDA|SBC|STA,0xF503A6,0xF503A6
0x003AA,0x003AA,0,2,9,low_wram_absolute,LDA|STA,0xF503AA,0xF503AA
0x003AE,0x003AE,0,5,9,low_wram_absolute,CMP|STA,0xF503AE,0xF503AE
0x003B2,0x003B2,0,5,9,low_wram_absolute,LDA|STA,0xF503B2,0xF503B2
0x003B6,0x003B6,0,5,9,low_wram_absolute,CMP|STA,0xF503B6,0xF503B6
0x003BA,0x003BA,0,5,9,low_wram_absolute,LDA|STA,0xF503BA,0xF503BA
0x003C0,0x003C0,0,2,8,low_wram_absolute,STA,0xF503C0,0xF503C0
0x0041A,0x0041A,0,2,8,low_wram_absolute,STA,0xF5041A,0xF5041A
0x00474,0x00474,0,2,8,low_wram_absolute,STA,0xF50474,0xF50474
0x004CE,0x004CE,0,1,8,low_wram_absolute,STA,0xF504CE,0xF504CE
0x00528,0x00528,0,1,7,low_wram_absolute,STA,0xF50528,0xF50528
0x00582,0x00582,0,1,8,low_wram_absolute,STA,0xF50582,0xF50582
0x005DC,0x005DC,0,1,7,low_wram_absolute,STA,0xF505DC,0xF505DC
0x00650,0x00650,0,3,9,low_wram_absolute,LDA|STA,0xF50650,0xF50650
0x00652,0x00652,0,2,9,low_wram_absolute,LDA|STA,0xF50652,0xF50652
0x00658,0x00658,0,2,9,low_wram_absolute,LDX|STA,0xF50658,0xF50658
0x0065A,0x0065A,0,1,9,low_wram_absolute,STA,0xF5065A,0xF5065A
0x0065C,0x0065C,0,2,9,low_wram_absolute,CPX|STA,0xF5065C,0xF5065C
0x0065E,0x0065E,0,1,9,low_wram_absolute,STA,0xF5065E,0xF5065E
0x00660,0x00660,0,1,9,low_wram_absolute,STA,0xF50660,0xF50660
0x00662,0x00662,0,1,9,low_wram_absolute,STA,0xF50662,0xF50662
0x00680,0x00680,0,4,9,low_wram_absolute,LDA|STA,0xF50680,0xF50680
0x006C0,0x006C0,0,2,9,low_wram_absolute,LDA|STA,0xF506C0,0xF506C0
0x006C2,0x006C2,0,10,9,low_wram_absolute,CMP|INC|LDA|LDX|STA|STZ,0xF506C2,0xF506C2
0x006C4,0x006C4,0,4,9,low_wram_absolute,LDA|STA,0xF506C4,0xF506C4
0x006C6,0x006C6,0,7,9,low_wram_absolute,LDA|STA,0xF506C6,0xF506C6
0x006C8,0x006C8,0,7,9,low_wram_absolute,LDA|STA|STZ,0xF506C8,0xF506C8
0x006DA,0x006DA,0,6,9,low_wram_absolute,LDA|STA|STZ,0xF506DA,0xF506DA
0x006DC,0x006DC,0,6,8,low_wram_absolute,LDA|STA|STZ,0xF506DC,0xF506DC
0x006DE,0x006DE,0,3,9,low_wram_absolute,LDA|STA,0xF506DE,0xF506DE
0x006E0,0x006E0,0,9,9,low_wram_absolute,LDA|LDX|STA,0xF506E0,0xF506E0
0x006E2,0x006E2,0,3,8,low_wram_absolute,ADC|STA,0xF506E2,0xF506E2
0x006E4,0x006E4,0,7,9,low_wram_absolute,INC|LDA|STA|STZ,0xF506E4,0xF506E4
0x006E6,0x006E6,0,1,8,low_wram_absolute,STA,0xF506E6,0xF506E6
0x006E8,0x006E8,0,2,9,low_wram_absolute,LDY|STY,0xF506E8,0xF506E8
0x006EA,0x006EA,0,4,9,low_wram_absolute,LDA|STA,0xF506EA,0xF506EA
0x006EC,0x006EC,0,1,8,low_wram_absolute,STA,0xF506EC,0xF506EC
0x006F0,0x006F0,0,3,9,low_wram_absolute,LDA,0xF506F0,0xF506F0
0x006F2,0x006F2,0,10,9,low_wram_absolute,ADC|LDA|LDX|STA|STZ,0xF506F2,0xF506F2
0x006F4,0x006F4,0,4,9,low_wram_absolute,CPX|STA,0xF506F4,0xF506F4
0x006F6,0x006F6,0,1,9,low_wram_absolute,STA,0xF506F6,0xF506F6
0x006F7,0x006F7,0,1,9,low_wram_absolute,STA,0xF506F7,0xF506F7
0x006F8,0x006F8,0,1,9,low_wram_absolute,STA,0xF506F8,0xF506F8
0x006F9,0x006F9,0,1,9,low_wram_absolute,STA,0xF506F9,0xF506F9
0x006FA,0x006FA,0,2,9,low_wram_absolute,LDA|STA,0xF506FA,0xF506FA
0x006FC,0x006FC,0,6,9,low_wram_absolute,DEC|LDA|LDY|STA|STZ,0xF506FC,0xF506FC
0x006FE,0x006FE,0,4,9,low_wram_absolute,DEC|LDA|STZ,0xF506FE,0xF506FE
0x00700,0x00700,0,4,9,low_wram_absolute,DEC|LDA|STZ,0xF50700,0xF50700
0x00702,0x00702,0,4,9,low_wram_absolute,DEC|LDA|STZ,0xF50702,0xF50702
0x00704,0x00704,0,4,9,low_wram_absolute,LDA|LDX|STX|STZ,0xF50704,0xF50704
0x00706,0x00706,0,4,9,low_wram_absolute,LDY|STY|STZ,0xF50706,0xF50706
0x00708,0x00708,0,4,9,low_wram_absolute,DEC|STA|STZ,0xF50708,0xF50708
0x0070A,0x0070A,0,2,9,low_wram_absolute,ADC|STA,0xF5070A,0xF5070A
0x0070C,0x0070C,0,4,9,low_wram_absolute,LDX|STA|STX|STZ,0xF5070C,0xF5070C
0x0070E,0x0070E,0,2,9,low_wram_absolute,LDA|STA,0xF5070E,0xF5070E
0x00710,0x00710,0,2,9,low_wram_absolute,LDA|STA,0xF50710,0xF50710
0x00712,0x00712,0,2,8,low_wram_absolute,LDA|STA,0xF50712,0xF50712
0x00714,0x00714,0,5,9,low_wram_absolute,LDX|STX|STZ,0xF50714,0xF50714
0x00716,0x00716,0,3,9,low_wram_absolute,LDA|STA,0xF50716,0xF50716
0x00718,0x00718,0,5,9,low_wram_absolute,LDA|STA,0xF50718,0xF50718
0x0071A,0x0071A,0,1,9,low_wram_absolute,STA,0xF5071A,0xF5071A
0x0071B,0x0071B,0,5,9,low_wram_absolute,LDA|LDX|STA,0xF5071B,0xF5071B
0x0071D,0x0071D,0,5,9,low_wram_absolute,CPX|LDX|STA,0xF5071D,0xF5071D
0x0071F,0x0071F,0,6,9,low_wram_absolute,DEC|INC|LDA|STA,0xF5071F,0xF5071F
0x00721,0x00721,0,2,9,low_wram_absolute,STA,0xF50721,0xF50721
0x00723,0x00723,0,1,9,low_wram_absolute,STA,0xF50723,0xF50723
0x00725,0x00725,0,5,9,low_wram_absolute,CPX|STA|STX|STZ,0xF50725,0xF50725
0x00727,0x00727,0,3,9,low_wram_absolute,LDA|STA|STZ,0xF50727,0xF50727
0x00728,0x00728,0,2,9,low_wram_absolute,INC|STZ,0xF50728,0xF50728
0x0072A,0x0072A,0,4,9,low_wram_absolute,DEC|INC|LDA|STZ,0xF5072A,0xF5072A
0x0072C,0x0072C,0,1,9,low_wram_absolute,STA,0xF5072C,0xF5072C
0x00734,0x00734,0,1,9,low_wram_absolute,STA,0xF50734,0xF50734
0x00735,0x00735,0,2,9,low_wram_absolute,STA,0xF50735,0xF50735
0x00737,0x00737,0,2,9,low_wram_absolute,STA,0xF50737,0xF50737
0x00739,0x00739,0,5,9,low_wram_absolute,ADC|CMP|LDA|STA,0xF50739,0xF50739
0x0073B,0x0073B,0,3,9,low_wram_absolute,LDA|STA,0xF5073B,0xF5073B
0x0073D,0x0073D,0,1,9,low_wram_absolute,STA,0xF5073D,0xF5073D
0x0073F,0x0073F,0,2,9,low_wram_absolute,CMP|STA,0xF5073F,0xF5073F
0x00741,0x00741,0,2,9,low_wram_absolute,CMP|STA,0xF50741,0xF50741
0x00743,0x00743,0,2,9,low_wram_absolute,LDA|STA,0xF50743,0xF50743
0x00749,0x00749,0,2,9,low_wram_absolute,LDA|STA,0xF50749,0xF50749
0x0074F,0x0074F,0,7,9,low_wram_absolute,LDA|STA,0xF5074F,0xF5074F
0x00755,0x00755,0,1,9,low_wram_absolute,STZ,0xF50755,0xF50755
0x00757,0x00757,0,2,9,low_wram_absolute,LDY|STA,0xF50757,0xF50757
0x00759,0x00759,0,1,9,low_wram_absolute,CMP,0xF50759,0xF50759
0x007CB,0x007CB,0,2,9,low_wram_absolute,LDY|STA,0xF507CB,0xF507CB
0x0083B,0x0083B,0,1,9,low_wram_absolute,STA,0xF5083B,0xF5083B
0x008AF,0x008AF,0,6,9,low_wram_absolute,LDA|LDY|STY|STZ,0xF508AF,0xF508AF
0x008B1,0x008B1,0,3,9,low_wram_absolute,ORA|STA,0xF508B1,0xF508B1
0x008B3,0x008B3,0,5,9,low_wram_absolute,CMP|LDA|STA,0xF508B3,0xF508B3
0x008B5,0x008B5,0,5,9,low_wram_absolute,CMP|LDA|STA,0xF508B5,0xF508B5
0x008B7,0x008B7,0,8,9,low_wram_absolute,CMP|LDA|STA,0xF508B7,0xF508B7
0x008B9,0x008B9,0,4,9,low_wram_absolute,CMP|STA,0xF508B9,0xF508B9
0x008BC,0x008BC,0,1,7,low_wram_absolute,STA,0xF508BC,0xF508BC
0x008BE,0x008BE,0,4,9,low_wram_absolute,CMP|LDA|STA|STZ,0xF508BE,0xF508BE
0x008C0,0x008C0,0,1,9,low_wram_absolute,STA,0xF508C0,0xF508C0
0x008C4,0x008C4,0,1,9,low_wram_absolute,STA,0xF508C4,0xF508C4
0x008C8,0x008C8,0,1,9,low_wram_absolute,STA,0xF508C8,0xF508C8
0x008CC,0x008CC,0,1,9,low_wram_absolute,STA,0xF508CC,0xF508CC
0x008D0,0x008D0,0,1,9,low_wram_absolute,STA,0xF508D0,0xF508D0
0x008D4,0x008D4,0,1,9,low_wram_absolute,STA,0xF508D4,0xF508D4
0x008D8,0x008D8,0,1,9,low_wram_absolute,STA,0xF508D8,0xF508D8
0x008DC,0x008DC,0,7,9,low_wram_absolute,ADC|LDA|STA,0xF508DC,0xF508DC
0x008DE,0x008DE,0,2,9,low_wram_absolute,SBC|STX,0xF508DE,0xF508DE
0x008E0,0x008E0,0,8,9,low_wram_absolute,LDA|STA,0xF508E0,0xF508E0
0x008E2,0x008E2,0,8,9,low_wram_absolute,LDA|STA,0xF508E2,0xF508E2
0x008F2,0x008F2,0,4,9,low_wram_absolute,SBC|STA,0xF508F2,0xF508F2
0x008F4,0x008F4,0,4,9,low_wram_absolute,SBC|STA,0xF508F4,0xF508F4
0x008F6,0x008F6,0,5,9,low_wram_absolute,LDA|STA,0xF508F6,0xF508F6
0x008FA,0x008FA,0,15,9,low_wram_absolute,LDA|SBC|STA,0xF508FA,0xF508FA
0x008FE,0x008FE,0,15,9,low_wram_absolute,LDA|SBC|STA,0xF508FE,0xF508FE
0x00902,0x00902,0,3,9,low_wram_absolute,LDA|STA,0xF50902,0xF50902
0x00906,0x00906,0,3,9,low_wram_absolute,LDA|STA,0xF50906,0xF50906
0x00950,0x00950,0,1,9,low_wram_absolute,STZ,0xF50950,0xF50950
0x009AA,0x009AA,0,2,9,low_wram_absolute,LDA|STA,0xF509AA,0xF509AA
0x009AC,0x009AC,0,8,9,low_wram_absolute,LDA|ORA|STA|STZ,0xF509AC,0xF509AC
0x009B4,0x009B4,0,5,9,low_wram_absolute,AND|STA,0xF509B4,0xF509B4
0x009B6,0x009B6,0,5,9,low_wram_absolute,AND|STA,0xF509B6,0xF509B6
0x009B8,0x009B8,0,1,9,low_wram_absolute,STA,0xF509B8,0xF509B8
0x009C0,0x009C0,0,8,9,low_wram_absolute,AND|EOR|LDA|STA|STZ,0xF509C0,0xF509C0
0x009C2,0x009C2,0,1,9,low_wram_absolute,STA,0xF509C2,0xF509C2
0x009C4,0x009C4,0,1,9,low_wram_absolute,STA,0xF509C4,0xF509C4
0x009C6,0x009C6,0,1,9,low_wram_absolute,STA,0xF509C6,0xF509C6
0x009C8,0x009C8,0,10,9,low_wram_absolute,AND|LDA|STA|STZ,0xF509C8,0xF509C8
0x009D0,0x009D0,0,4,9,low_wram_absolute,DEC|LDA|STA,0xF509D0,0xF509D0
0x009D8,0x009D8,0,4,9,low_wram_absolute,DEC|LDA|STA|STZ,0xF509D8,0xF509D8
0x009E0,0x009E0,0,4,9,low_wram_absolute,DEC|INC|LDA|STZ,0xF509E0,0xF509E0
0x009E8,0x009E8,0,8,9,low_wram_absolute,LDA|ORA|STA,0xF509E8,0xF509E8
0x009F0,0x009F0,0,3,9,low_wram_absolute,AND|STA,0xF509F0,0xF509F0
0x009F2,0x009F2,0,2,9,low_wram_absolute,LDA|STA,0xF509F2,0xF509F2
0x009FA,0x009FA,0,2,9,low_wram_absolute,LDA|STA,0xF509FA,0xF509FA
0x00A06,0x00A06,0,3,9,low_wram_absolute,LDX|STA|STZ,0xF50A06,0xF50A06
0x00A08,0x00A08,0,6,9,low_wram_absolute,CMP|ROL|STZ,0xF50A08,0xF50A08
0x00A0A,0x00A0A,0,8,9,low_wram_absolute,ASL|CMP|ORA|STA|STZ,0xF50A0A,0xF50A0A
0x00A16,0x00A16,0,1,9,low_wram_absolute,STA,0xF50A16,0xF50A16
0x00A18,0x00A18,0,1,9,low_wram_absolute,STA,0xF50A18,0xF50A18
0x00A1A,0x00A1A,0,2,9,low_wram_absolute,STA,0xF50A1A,0xF50A1A
0x00A1C,0x00A1C,0,2,9,low_wram_absolute,STA,0xF50A1C,0xF50A1C
0x00A1E,0x00A1E,0,5,9,low_wram_absolute,ADC|LDA|STA|STZ,0xF50A1E,0xF50A1E
0x00A29,0x00A29,0,1,9,low_wram_absolute,STA,0xF50A29,0xF50A29
0x00A37,0x00A37,0,1,9,low_wram_absolute,STA,0xF50A37,0xF50A37
0x00A45,0x00A45,0,1,9,low_wram_absolute,STA,0xF50A45,0xF50A45
0x00A53,0x00A53,0,1,9,low_wram_absolute,STA,0xF50A53,0xF50A53
0x00A58,0x00A58,0,1,9,low_wram_absolute,STZ,0xF50A58,0xF50A58
0x00A63,0x00A63,0,1,9,low_wram_absolute,STA,0xF50A63,0xF50A63
0x00A7A,0x00A7A,0,3,9,low_wram_absolute,LDA|STA,0xF50A7A,0xF50A7A
0x00A86,0x00A86,0,3,9,low_wram_absolute,LDA|STA,0xF50A86,0xF50A86
0x00A92,0x00A92,0,4,9,low_wram_absolute,LDA|STA,0xF50A92,0xF50A92
0x00A9E,0x00A9E,0,4,9,low_wram_absolute,LDA|STA,0xF50A9E,0xF50A9E
0x00AAA,0x00AAA,0,4,9,low_wram_absolute,LDA|STA,0xF50AAA,0xF50AAA
0x00AB6,0x00AB6,0,3,9,low_wram_absolute,LDA|STA,0xF50AB6,0xF50AB6
0x00AC2,0x00AC2,0,3,9,low_wram_absolute,LDA|STA,0xF50AC2,0xF50AC2
0x00AE1,0x00AE1,0,2,9,low_wram_absolute,LDA|STA,0xF50AE1,0xF50AE1
0x00AE3,0x00AE3,0,2,9,low_wram_absolute,LDA|STA,0xF50AE3,0xF50AE3
0x00AE4,0x00AE4,0,7,9,low_wram_absolute,LDA|STA,0xF50AE4,0xF50AE4
0x00AE6,0x00AE6,0,4,9,low_wram_absolute,LDA|STA,0xF50AE6,0xF50AE6
0x00AE8,0x00AE8,0,1,9,low_wram_absolute,STZ,0xF50AE8,0xF50AE8
0x00AEA,0x00AEA,0,1,8,low_wram_absolute,STZ,0xF50AEA,0xF50AEA
0x00AEC,0x00AEC,0,2,8,low_wram_absolute,STA,0xF50AEC,0xF50AEC
0x00EA6,0x00EA8,2,3,8,low_wram_absolute,STA,0xF50EA6,0xF50EA8
0x00EA7,0x00EA9,2,3,9,low_wram_absolute,STA,0xF50EA7,0xF50EA9
0x00EA8,0x00EAA,2,3,9,low_wram_absolute,STA,0xF50EA8,0xF50EAA
0x010A6,0x010A8,2,14,9,low_wram_absolute,LDA|STA,0xF510A6,0xF510A8
0x010C6,0x010C8,2,10,8,low_wram_absolute,LDA|STA,0xF510C6,0xF510C8
0x01120,0x01122,2,10,9,low_wram_absolute,LDA|STA,0xF51120,0xF51122
0x0117A,0x0117C,2,2,9,low_wram_absolute,LDA|STA,0xF5117A,0xF5117C
0x0117C,0x0117E,2,2,9,low_wram_absolute,LDA|STA,0xF5117C,0xF5117E
0x0117E,0x01180,2,6,9,low_wram_absolute,CMP|LDY|STA,0xF5117E,0xF51180
0x01180,0x01182,2,6,9,low_wram_absolute,CMP|LDY|STA,0xF51180,0xF51182
0x01182,0x01184,2,9,9,low_wram_absolute,ADC|LDA|LDY|SBC|STA|STZ,0xF51182,0xF51184
0x01184,0x01186,2,5,9,low_wram_absolute,LDX|STA|STZ,0xF51184,0xF51186
0x01186,0x01188,2,5,9,low_wram_absolute,LDA|STA,0xF51186,0xF51188
0x01188,0x0118A,2,4,8,low_wram_absolute,LDA|STA|STZ,0xF51188,0xF5118A
0x0118A,0x0118C,2,1,8,low_wram_absolute,STA,0xF5118A,0xF5118C
0x0118C,0x0118E,2,1,9,low_wram_absolute,STA,0xF5118C,0xF5118E
0x01242,0x01244,2,2,8,low_wram_absolute,LDA|STA,0xF51242,0xF51244
0x0145E,0x01460,2,1,9,low_wram_absolute,STA,0xF5145E,0xF51460
0x014B8,0x014BA,2,1,9,low_wram_absolute,STA,0xF514B8,0xF514BA
0x014D0,0x014D2,2,2,9,low_wram_absolute,TRB|TSB,0xF514D0,0xF514D2
0x014D4,0x014D6,2,1,8,low_wram_absolute,STA,0xF514D4,0xF514D6
0x014D6,0x014D8,2,1,8,low_wram_absolute,STA,0xF514D6,0xF514D8
0x014DE,0x014E0,2,9,9,low_wram_absolute,LDA,0xF514DE,0xF514E0
0x014E0,0x014E2,2,1,9,low_wram_absolute,LDA,0xF514E0,0xF514E2
0x014E4,0x014E6,2,1,6,low_wram_absolute,STZ,0xF514E4,0xF514E6
0x014EA,0x014EC,2,1,8,low_wram_absolute,STZ,0xF514EA,0xF514EC
0x014EC,0x014EE,2,1,7,low_wram_absolute,STZ,0xF514EC,0xF514EE
0x0153C,0x0153E,2,1,7,low_wram_absolute,STZ,0xF5153C,0xF5153E
0x01540,0x01542,2,8,8,low_wram_absolute,STA|STZ,0xF51540,0xF51542
0x01542,0x01544,2,8,9,low_wram_absolute,STA|STZ,0xF51542,0xF51544
0x01550,0x01552,2,2,8,low_wram_absolute,INC|LDA,0xF51550,0xF51552
0x01552,0x01554,2,1,9,low_wram_absolute,LDA,0xF51552,0xF51554
0x01556,0x01558,2,3,7,low_wram_absolute,LDA|STZ,0xF51556,0xF51558
0x01558,0x0155A,2,2,6,low_wram_absolute,LDA|STZ,0xF51558,0xF5155A
0x0155A,0x0155C,2,1,6,low_wram_absolute,STZ,0xF5155A,0xF5155C
0x0155C,0x0155E,2,1,7,low_wram_absolute,STZ,0xF5155C,0xF5155E
0x0155E,0x01560,2,2,7,low_wram_absolute,LDA|STZ,0xF5155E,0xF51560
0x01560,0x01562,2,1,7,low_wram_absolute,STZ,0xF51560,0xF51562
0x01562,0x01564,2,3,9,low_wram_absolute,LDA|LDY|STA,0xF51562,0xF51564
0x01564,0x01566,2,23,9,low_wram_absolute,LDA|STA,0xF51564,0xF51566
0x01574,0x01576,2,3,8,low_wram_absolute,LDA|STA|STZ,0xF51574,0xF51576
0x01576,0x01578,2,2,9,low_wram_absolute,LDA|STA,0xF51576,0xF51578
0x01578,0x0157A,2,4,9,low_wram_absolute,ADC|CPX|STA,0xF51578,0xF5157A
0x0157A,0x0157C,2,3,8,low_wram_absolute,DEC|LDA|STA,0xF5157A,0xF5157C
0x0157C,0x0157E,2,4,9,low_wram_absolute,LDA|STA,0xF5157C,0xF5157E
0x0158C,0x0158E,2,8,8,low_wram_absolute,CMP|INC|STZ,0xF5158C,0xF5158E
0x0158E,0x01590,2,2,9,low_wram_absolute,LDA|STA,0xF5158E,0xF51590
0x01590,0x01592,2,6,8,low_wram_absolute,DEC|INC|LDA|STZ,0xF51590,0xF51592
0x01592,0x01594,2,2,7,low_wram_absolute,CPX|STZ,0xF51592,0xF51594
0x01593,0x01595,2,1,7,low_wram_absolute,LDX,0xF51593,0xF51595
0x015BC,0x015BE,2,2,9,low_wram_absolute,STA,0xF515BC,0xF515BE
0x015C3,0x015C5,2,16,9,low_wram_absolute,LDA|STA,0xF515C3,0xF515C5
0x0161D,0x0161F,2,16,9,low_wram_absolute,LDX|STA,0xF5161D,0xF5161F
0x01677,0x01679,2,24,9,low_wram_absolute,LDA|STA,0xF51677,0xF51679
0x016D1,0x016D3,2,22,9,low_wram_absolute,LDA|STA,0xF516D1,0xF516D3
0x017DF,0x017E1,2,12,9,low_wram_absolute,LDA|LDX|STA,0xF517DF,0xF517E1
0x01837,0x01839,2,1,8,low_wram_absolute,STA,0xF51837,0xF51839
0x01839,0x0183B,2,5,8,low_wram_absolute,LDA|LDX|STA,0xF51839,0xF5183B
0x01893,0x01895,2,5,8,low_wram_absolute,LDA|LDY|STA|STY|STZ,0xF51893,0xF51895
0x01895,0x01897,2,7,9,low_wram_absolute,LDX|LDY|STA|STY,0xF51895,0xF51897
0x01897,0x01899,2,3,8,low_wram_absolute,DEC|INC|STZ,0xF51897,0xF51899
0x01899,0x0189B,2,2,8,low_wram_absolute,LDA,0xF51899,0xF5189B
0x018F3,0x018F5,2,2,8,low_wram_absolute,LDA|STA,0xF518F3,0xF518F5
0x018F5,0x018F7,2,2,8,low_wram_absolute,LDA|STA,0xF518F5,0xF518F7
0x018F7,0x018F9,2,3,9,low_wram_absolute,CMP|STA,0xF518F7,0xF518F9
0x01951,0x01953,2,3,9,low_wram_absolute,LDY|STA|STY,0xF51951,0xF51953
0x019AB,0x019AD,2,4,9,low_wram_absolute,LDA|STA,0xF519AB,0xF519AD
0x01A05,0x01A07,2,4,8,low_wram_absolute,LDA|STA,0xF51A05,0xF51A07
0x01A5F,0x01A61,2,4,8,low_wram_absolute,LDA|STA|STZ,0xF51A5F,0xF51A61
0x01AB9,0x01ABB,2,7,8,low_wram_absolute,LDA|LDY|STA,0xF51AB9,0xF51ABB
0x01B13,0x01B15,2,8,9,low_wram_absolute,LDA|LDY|STA,0xF51B13,0xF51B15
0x01E17,0x01E19,2,1,8,low_wram_absolute,STA,0xF51E17,0xF51E19
0x01E19,0x01E1B,2,1,9,low_wram_absolute,STA,0xF51E19,0xF51E1B
0x01E1B,0x01E1D,2,2,8,low_wram_absolute,CMP|STA,0xF51E1B,0xF51E1D
0x01E1D,0x01E1F,2,1,9,low_wram_absolute,STA,0xF51E1D,0xF51E1F
0x01E1F,0x01E21,2,1,9,low_wram_absolute,STA,0xF51E1F,0xF51E21
0x01E2F,0x01E31,2,2,9,low_wram_absolute,LDA|STA,0xF51E2F,0xF51E31
0x01E3F,0x01E41,2,1,7,low_wram_absolute,STZ,0xF51E3F,0xF51E41
0x01E41,0x01E43,2,1,6,low_wram_absolute,STZ,0xF51E41,0xF51E43
0x01E43,0x01E45,2,1,7,low_wram_absolute,STZ,0xF51E43,0xF51E45
0x01E45,0x01E47,2,1,7,low_wram_absolute,STA,0xF51E45,0xF51E47
0x01E47,0x01E49,2,1,7,low_wram_absolute,STA,0xF51E47,0xF51E49
0x01E49,0x01E4B,2,1,7,low_wram_absolute,STA,0xF51E49,0xF51E4B
0x01E67,0x01E69,2,1,7,low_wram_absolute,STZ,0xF51E67,0xF51E69
0x01E69,0x01E6B,2,1,8,low_wram_absolute,STA,0xF51E69,0xF51E6B
0x0A401,0x0A401,0,16,9,direct_long_wram,LDA,0xF5A401,0xF5A401
0x0A601,0x0A601,0,16,8,direct_long_wram,LDA,0xF5A601,0xF5A601
0x0A801,0x0A801,0,2,9,direct_long_wram,LDA|STA,0xF5A801,0xF5A801
0x0EC03,0x0EC03,0,1,9,direct_long_wram,STA,0xF5EC03,0xF5EC03
0x10000,0x10000,0,1,9,direct_long_wram,STA,0xF60000,0xF60000
